<?xml version="1.0" encoding="UTF-8"?>
<beans xmlns="http://www.springframework.org/schema/beans"
       xmlns:xsi="http://www.w3.org/2001/XMLSchema-instance"
       xmlns:mvc="http://www.springframework.org/schema/mvc"
       xmlns:context="http://www.springframework.org/schema/context" xmlns:tx="http://www.springframework.org/schema/tx"
       xmlns:aop="http://www.springframework.org/schema/aop"
       xsi:schemaLocation="http://www.springframework.org/schema/beans
       http://www.springframework.org/schema/beans/spring-beans.xsd
       http://www.springframework.org/schema/context
       http://www.springframework.org/schema/context/spring-context.xsd http://www.springframework.org/schema/tx http://www.springframework.org/schema/tx/spring-tx.xsd http://www.springframework.org/schema/aop http://www.springframework.org/schema/aop/spring-aop.xsd">

<!--    开启自动扫描，但不扫描controller-->
    <context:component-scan base-package="com.wrx">
        <context:exclude-filter type="annotation" expression="org.springframework.stereotype.Controller"/>
    </context:component-scan>

    <!--导入数据库配置文件-->
    <context:property-placeholder location="classpath:db.properties"/>

    <bean class="com.alibaba.druid.pool.DruidDataSource" id="dataSource">
        <property name="username" value="${db.username}"/>
        <property name="password" value="${db.password}"/>
        <property name="url" value="${db.url}"/>
    </bean>

    <bean class="org.mybatis.spring.SqlSessionFactoryBean" id="sqlSessionFactoryBean">
        <property name="dataSource" ref="dataSource"/>
        <property name="typeAliasesPackage" value="com.wrx.pojo"/>
        <property name="mapperLocations">
            <value>
                classpath:com/wrx/mapper/*.xml
            </value>
        </property>
    </bean>

    <bean class="org.mybatis.spring.mapper.MapperScannerConfigurer" id="mapperScannerConfigurer">
        <property name="sqlSessionFactoryBeanName" value="sqlSessionFactoryBean"/>
        <property name="basePackage" value="com.wrx.mapper"/>
    </bean>

    <!--事务配置-->
    <bean class="org.springframework.jdbc.datasource.DataSourceTransactionManager" id="transactionManager">
        <property name="dataSource" ref="dataSource"/>
    </bean>

    <tx:advice id="txAdvice" transaction-manager="transactionManager">
        <tx:attributes>
            <tx:method name="add*"/>
            <tx:method name="insert*"/>
            <tx:method name="update*"/>
            <tx:method name="delete*"/>
        </tx:attributes>
    </tx:advice>

    <aop:config>
        <aop:pointcut id="pcl" expression="execution(* com.wrx.service.*.*(..))"/>
        <aop:advisor advice-ref="txAdvice" pointcut-ref="pcl"/>
    </aop:config>

</beans>