<?xml version="1.0" encoding="UTF-8"?>
<beans xmlns="http://www.springframework.org/schema/beans"
       xmlns:xsi="http://www.w3.org/2001/XMLSchema-instance"
       xmlns:context="http://www.springframework.org/schema/context"
       xmlns:p="http://www.springframework.org/schema/p"
       xsi:schemaLocation="http://www.springframework.org/schema/beans http://www.springframework.org/schema/beans/spring-beans-3.2.xsd
	http://www.springframework.org/schema/context http://www.springframework.org/schema/context/spring-context-4.3.xsd
">

    <!-- 整合MyBatis -->
    <bean id="dataSource" class="com.mchange.v2.c3p0.ComboPooledDataSource">
        <property name="user" value="root"></property>
        <property name="password" value="123z"></property>
        <property name="jdbcUrl" value="jdbc:mysql://localhost:3306/class_buy_sys?useUnicode=true&amp;characterEncoding=UTF-8&amp;serverTimezone=UTC"></property>
        <property name="driverClass" value="com.mysql.cj.jdbc.Driver"></property>
        <property name="initialPoolSize" value="5"></property>
        <property name="maxPoolSize" value="10"></property>
    </bean>

    <!-- 配置MyBatis SqlSessionFactory -->
    <bean id="sqlSessionFactory" class="org.mybatis.spring.SqlSessionFactoryBean">
        <property name="dataSource" ref="dataSource"></property>
        <property name="mapperLocations" value="classpath*:com/shopclass/mapper/*.xml"></property>
        <property name="configLocation" value="classpath:config.xml"></property>
    </bean>

    <!-- 扫描自定义的Mapper接口 -->
    <bean class="org.mybatis.spring.mapper.MapperScannerConfigurer">
        <property name="basePackage" value="com.shopclass.mapper"></property>
    </bean>

</beans>