<?xml version="1.0" encoding="UTF-8"?>
<beans xmlns="http://www.springframework.org/schema/beans"
       xmlns:xsi="http://www.w3.org/2001/XMLSchema-instance"
       xmlns:context="http://www.springframework.org/schema/context"
       xmlns:tx="http://www.springframework.org/schema/tx"
       xmlns:aop="http://www.springframework.org/schema/aop"
       xsi:schemaLocation="http://www.springframework.org/schema/beans
       http://www.springframework.org/schema/beans/spring-beans.xsd
       http://www.springframework.org/schema/aop
       http://www.springframework.org/schema/aop/spring-aop.xsd
        http://www.springframework.org/schema/context
       http://www.springframework.org/schema/context/spring-context.xsd
        http://www.springframework.org/schema/tx
       http://www.springframework.org/schema/tx/spring-tx.xsd">

<!--    组件扫描，扫描service和mapper-->
    <context:component-scan base-package="com.service"/>
<!--    <context:component-scan base-package="com">-->
<!--&lt;!&ndash;        排除controller&ndash;&gt;-->
<!--        <context:exclude-filter type="annotation" expression="org.springframework.stereotype.Controller"/>-->
<!--    </context:component-scan>-->
<!--    加载properties文件-->
    <context:property-placeholder location="classpath:jdbc.properties"></context:property-placeholder>
<!--    配置数据源环境-->
    <bean id="dataSource" class="com.mchange.v2.c3p0.ComboPooledDataSource">
        <property name="driverClass" value="${jdbc.driver}"/>
        <property name="jdbcUrl" value="${jdbc.url}"/>
        <property name="user" value="${jdbc.username}"/>
        <property name="password" value="${jdbc.password}"/>
    </bean>
<!--    <bean id="dataSource" class="org.apache.commons.dbcp2.BasicDataSource">-->
<!--        <property name="driverClassName" value="com.mysql.jdbc.Driver"/>-->
<!--        <property name="url" value="jdbc:mysql://localhost:3306/springtest?characterEncoding=utf8"/>-->
<!--        <property name="username" value="root"/>-->
<!--        <property name="password" value="password"/>-->
<!--        <property name="maxTotal" value="30"/>-->
<!--        <property name="maxIdle" value="10"/>-->
<!--        <property name="initialSize" value="5"/>-->

<!--    </bean>-->
<!--    配置session工厂-->
    <bean id="sqlSessionFactory" class="org.mybatis.spring.SqlSessionFactoryBean" >
        <property name="dataSource" ref="dataSource"/>
<!--        加载mybatis核心文件-->
        <property name="configLocation" value="classpath:sqlMapConfig.xml"/>

    </bean>
<!--    扫描mapper所在的包，为mapper创建实现类-->
    <bean class="org.mybatis.spring.mapper.MapperScannerConfigurer">
        <property name="basePackage" value="com.dao"></property>
        <property name="sqlSessionFactoryBeanName" value="sqlSessionFactory"/>
    </bean>
<!--    声明式事务控制 平台事务管理器-->
    <bean id="transactionManager" class="org.springframework.jdbc.datasource.DataSourceTransactionManager">
        <property name="dataSource" ref="dataSource"/>
    </bean>
<!--    开启事务注解-->
    <tx:annotation-driven transaction-manager="transactionManager"/>
<!--    配置事务增强-->
    <tx:advice id="txAdvice">
        <tx:attributes>
            <tx:method name="*/"/>
        </tx:attributes>
    </tx:advice>
    <!--    配置事务的aop织入-->
    <aop:config>
        <aop:advisor advice-ref="txAdvice" pointcut="execution(* com.zlx.service.*.*(..))"/>
    </aop:config>

</beans>