<?xml version="1.0" encoding="UTF-8" ?>
<!DOCTYPE configuration
        PUBLIC "-//mybatis.org//DTD Config 3.0//EN"
        "http://mybatis.org/dtd/mybatis-3-config.dtd">
<configuration>

    <settings>
        <setting name="logImpl" value="STDOUT_LOGGING"/>
    </settings>

<!--        配置数据源  交给spring去做-->
    <typeAliases>
        <package name="com.glc.pejo"/>
    </typeAliases>
    



    <mappers>
        <mapper class="com.glc.dao.BookMapper"/>
        <mapper class="com.glc.dao.UserMapper"/>
    </mappers>

</configuration>