<?xml version="1.0" encoding="UTF-8"?>
<beans xmlns="http://www.springframework.org/schema/beans"
       xmlns:xsi="http://www.w3.org/2001/XMLSchema-instance"
       xmlns:context="http://www.springframework.org/schema/context"
       xsi:schemaLocation="http://www.springframework.org/schema/beans
        http://www.springframework.org/schema/beans/spring-beans.xsd http://www.springframework.org/schema/context https://www.springframework.org/schema/context/spring-context.xsd">
<!--        关联数据库文件-->
<context:property-placeholder location="classpath:database.properties"/>
<!--    连接池
dbcp
c3p0
druid

-->
    <bean id="dataSource" class="com.mchange.v2.c3p0.ComboPooledDataSource">
        <property name="driverClass" value="${jdbc.driver}"/>
        <property name="jdbcUrl" value="${jdbc.url}"/>
        <property name="user" value="${jdbc.username}"/>
        <property name="password" value="${jdbc.password}"/>

        <!-- c3p0连接池的私有属性 -->
        <property name="maxPoolSize" value="30"/>
        <property name="minPoolSize" value="10"/>
        <!-- 关闭连接后不自动commit -->
        <property name="autoCommitOnClose" value="false"/>
        <!-- 获取连接超时时间 10s-->
        <property name="checkoutTimeout" value="10000"/>
        <!-- 当获取连接失败重试次数 -->
        <property name="acquireRetryAttempts" value="2"/>



    </bean>


<!--    sqlSessionFactory-->
<bean id="sqlSessionFactory" class="org.mybatis.spring.SqlSessionFactoryBean">
    <!-- 注入数据库连接池 -->
    <property name="dataSource" ref="dataSource"/>
    <!-- 配置MyBaties全局配置文件:mybatis-config.xml -->
    <property name="configLocation" value="classpath:mybatis-config.xml"/>
</bean>


<!--    配置dao接口扫描包 动态实现Dao注入spring-->
    <bean class="org.mybatis.spring.mapper.MapperScannerConfigurer">

<!--        注入-->
        <property name="sqlSessionFactoryBeanName" value="sqlSessionFactory"/>
<!--    扫描dao包-->
    <property name="basePackage" value="com.glc.dao"/>
    </bean>

</beans>