<?xml version="1.0" encoding="UTF8" ?>
<!DOCTYPE configuration
        PUBLIC "-//mybatis.org//DTD Config 3.0//EN"
        "http://mybatis.org/dtd/mybatis-3-config.dtd">
<configuration>
    <!-- 环境配置 -->
    <!-- 加载类路径下的属性文件 -->
    <properties resource="db.properties"/>
    <settings>
        <!-- 打开延迟加载的开关 -->
        <setting name="lazyLoadingEnabled" value="true"/>
        <!-- 将积极加载改为消息加载，即按需加载 -->
        <setting name="aggressiveLazyLoading" value="false"/>
        <!-- 开启二级缓存-->
        <setting name="cacheEnabled" value="true"/>

    </settings>
    <!--使用扫描包的形式定义别名 -->
    <typeAliases>
        <package name="com.xpp.pojo" />
    </typeAliases>


    <environments default="development">
        <environment id="development">
            <transactionManager type="JDBC"/>
            <!-- 数据库连接相关配置 ,db.properties文件中的内容-->
            <dataSource type="POOLED">
                <property name="driver" value="${mysql.driver}"/>
                <property name="url" value="${mysql.url}"/>
                <property name="username" value="root"/>
                <property name="password" value="000000"/>
            </dataSource>
        </environment>
    </environments>
    <!-- mapping文件路径配置 -->
    <mappers>
<!--        <mapper resource="com/xpp/mapper/StudentMapper.xml"/>-->
<!--        <mapper resource="com/xpp/mapper/EmployeeMapper.xml"/>-->
            <mapper resource="com/xpp/mapper/StudenMapper.xml">
    </mappers>


</configuration>
