<?xml version="1.0" encoding="UTF-8"?>
<!DOCTYPE mapper 
PUBLIC "-//mybatis.org//DTD Mapper 3.0//EN" "http://mybatis.org/dtd/mybatis-3-mapper.dtd">
<!--<mapper namespace="cn.com.demo.mapper.TeacherMapper">

</mapper>-->
<mapper namespace="cn.com.zyssm.mapper.UserMapper">

	<select id="selectUserList" resultType="User" >
		select * from teacher
	</select>

	<insert id="addUser" parameterType="User">
		insert  into teacher(jName,jPass)values(#{jName},#{jPass})
	</insert>

	<select id="selectUser" resultType="User">
		select * from teacher where jName=#{jName} and jPass=#{jPass}
	</select>
</mapper>
