<?xml version="1.0" encoding="UTF-8"?>  
<beans xmlns="http://www.springframework.org/schema/beans"  
        xmlns:xsi="http://www.w3.org/2001/XMLSchema-instance"  
        xmlns:aop="http://www.springframework.org/schema/aop"  
        xmlns:p="http://www.springframework.org/schema/p"  
        xmlns:tx="http://www.springframework.org/schema/tx"  
        xmlns:context="http://www.springframework.org/schema/context"  
        xsi:schemaLocation="   
            http://www.springframework.org/schema/beans http://www.springframework.org/schema/beans/spring-beans-2.5.xsd   
            http://www.springframework.org/schema/aop http://www.springframework.org/schema/aop/spring-aop-2.5.xsd   
            http://www.springframework.org/schema/tx http://www.springframework.org/schema/tx/spring-tx-2.5.xsd 
            http://www.springframework.org/schema/context 
            http://www.springframework.org/schema/context/spring-context.xsd">  
            
    <context:component-scan base-package="cn.com.zyssm.service"/>
    <context:component-scan base-package="cn.com.zyssm.mapper"/>
    
    <!-- 读取数据库配置文件 -->
    <context:property-placeholder location="classpath:database.properties"/>
    
    <!-- JNDI获取数据源(使用dbcp连接池) -->  
    <bean id="dataSource" class="org.apache.commons.dbcp.BasicDataSource" destroy-method="close" scope="singleton">
    		<property name="driverClassName" value="${driver}" />  
			<property name="url" value="${url}" />  
			<property name="username" value="${user}" />  
			<property name="password" value="${pass}" />
			<!--默认数据原启动的时候,会自动创建的连接数  -->
			<property name="initialSize" value="${initialSize}"/>
			<!--连接池最大的连接数量  -->
			<property name="maxActive" value="${maxActive}"/>
			<!--连接池中最大的空闲连接数 -->
			<property name="maxIdle" value="${maxIdle}"/>
			<!--连接池中最小的空闲连接数最小空闲数更接近最大空闲连接数效率越高
			频繁的数据库连接的创建和销毁会过度的消耗系统的资源  -->
			<property name="minIdle" value="${minIdle}"/>
			<!--最大的等待时间:单位是毫秒  -->
			<property name="maxWait" value="${maxWait}"/>
			<!--进行  无用连接回收机制的时间  -->
			<property name="removeAbandonedTimeout" value="${removeAbandonedTimeout}"/>
			<!--是否开启无用连接回收机制  -->
			<property name="removeAbandoned" value="${removeAbandoned}"/>
			<!-- sql 心跳 -->
			<!--开启循环校验  -->
			<property name= "testWhileIdle" value="true"/>
			<!--对得到的连接是否进行校验  -->
			<property name= "testOnBorrow" value="false"/>
			<!--对返回的连接是否进行校验  -->
			<property name= "testOnReturn" value="false"/>
			<!--对sql语句进行校验看连接是否有效  -->
			<property name= "validationQuery" value="select 1"/>
			<!--设置循环校验的时间  -->
			<property name= "timeBetweenEvictionRunsMillis" value="60000"/>
			<!--每次循环校验的数量  -->
			<property name= "numTestsPerEvictionRun" value="${maxActive}"/>
    </bean>
    
    <!-- 事务管理 -->
   	<bean id="transactionManager" class="org.springframework.jdbc.datasource.DataSourceTransactionManager">
   		<property name="dataSource" ref="dataSource"/>
   	</bean> 
   	
   	<!-- 配置mybitas SqlSessionFactoryBean-->
    <bean id="sqlSessionFactory" class="org.mybatis.spring.SqlSessionFactoryBean">
    	<property name="dataSource" ref="dataSource"/>
    	<property name="configLocation" value="classpath:mybatis-config.xml"/>
		<property name="mapperLocations" value="classpath:cn/com/zyssm/mapper/*.xml"></property>
    </bean>
    
   	<!-- AOP 事务处理 开始 -->    
	<aop:aspectj-autoproxy />
	<aop:config  proxy-target-class="true">
		<aop:pointcut expression="execution(* cn.com.zyssm.service..*(..))" id="transService"/>
		<aop:advisor pointcut-ref="transService" advice-ref="txAdvice" />
	</aop:config> 
	<tx:advice id="txAdvice" transaction-manager="transactionManager">  
	    <tx:attributes>  
	       <tx:method name="*"  propagation="REQUIRED" rollback-for="Exception"  />
	    </tx:attributes>  
	</tx:advice> 
	<!-- AOP 事务处理 结束 -->
	<!--自动扫描dao层下面的Mapper,并更具类的名字来创建包  -->
    <bean class="org.mybatis.spring.mapper.MapperScannerConfigurer">  
         <property name="basePackage" value="cn.com.zyssm.mapper" />
    </bean>
    
</beans>