<?xml version="1.0" encoding="UTF-8"?>
<beans xmlns="http://www.springframework.org/schema/beans"
	   xmlns:xsi="http://www.w3.org/2001/XMLSchema-instance"
	   xmlns:mvc="http://www.springframework.org/schema/mvc"
	   xmlns:p="http://www.springframework.org/schema/p"
	   xmlns:context="http://www.springframework.org/schema/context"
	   xsi:schemaLocation="
        http://www.springframework.org/schema/beans
        http://www.springframework.org/schema/beans/spring-beans.xsd
        http://www.springframework.org/schema/context
        http://www.springframework.org/schema/context/spring-context.xsd
        http://www.springframework.org/schema/mvc
        http://www.springframework.org/schema/mvc/spring-mvc.xsd">

	<context:component-scan base-package="cn.com.zyssm.contorller"/>
	<!-- 配置多视图解析器：允许同样的内容数据呈现不同的view   view.json   -->
	<bean class="org.springframework.web.servlet.view.ContentNegotiatingViewResolver">
		<!--return 加前后缀  -->
		<property name="viewResolvers">
			<list>
				<bean class="org.springframework.web.servlet.view.InternalResourceViewResolver" >
					<property name="prefix" value="/WEB-INF/jsp/"/>
					<property name="suffix" value=".jsp"/>
				</bean>
			</list>
		</property>
	</bean>

</beans>