<?xml version="1.0" encoding="UTF-8" ?>
<!DOCTYPE mapper
        PUBLIC "-//mybatis.org//DTD Mapper 3.0//EN"
        "http://mybatis.org/dtd/mybatis-3-mapper.dtd">
<mapper namespace="com.glc.dao.UserMapper">
    <resultMap type="User" id="UserResult">
        <result property="id" column="id"/>
        <result property="username" column="username"/>
        <result property="password" column="password"/>
        <result property="roleName" column="roleName"/>
    </resultMap>

    <select id="login" parameterType="User" resultMap="UserResult">
        select * from
        user where userName=#{username} and password=#{password} limit 1
    </select>
</mapper>