<?xml version="1.0" encoding="UTF-8" ?>
<!DOCTYPE mapper PUBLIC "-//mybatis.org//DTD Mapper 3.0//EN" "http://mybatis.org/dtd/mybatis-3-mapper.dtd">
<mapper namespace="com.shopclass.mapper.UserMapper">

    <select id="findAll" resultType="User">
        select * from user where deleted=0
    </select>

    <select id="login" parameterType="String" resultType="User">
        select * from user where name=#{name} and password=#{password}
    </select>

    <insert id="insertUser">
        insert into user (name,password,age,mobile,email) values (
        #{name},#{password},#{age},#{mobile},#{email}
        );
    </insert>

    <update id="updateUser" parameterType="User">
        update user set name =#{name},age=#{age},
        mobile=#{mobile},email=#{email} where id=#{id}
    </update>

    <select id="findById" parameterType="Integer" resultType="User">
        select * from user where id=#{id}
    </select>

    <update id="deleteUser" parameterType="Integer">
        update user set deleted=1 where id=#{id}
    </update>

    <insert id="resiter">
        insert into user (name,password,deleted) values (
        #{name},#{password},0
        );
    </insert>
</mapper>